{"mae": 1.8649718006717633, "mse": 11.705240005085933, "rmse": 3.4212921543016366}